{
    "read_files": "/n/groups/hbctraining/ngs-data-analysis-longcourse/rnaseq/full_dataset/Irrel_kd_1.fastq",
    "expected_format": "SR",
    "compatible_fragment_ratio": 1.0,
    "num_compatible_fragments": 31174223,
    "num_assigned_fragments": 31174223,
    "num_frags_with_consistent_mappings": 31173997,
    "num_frags_with_inconsistent_or_orphan_mappings": 644,
    "MSF": 0,
    "OSF": 0,
    "ISF": 0,
    "MSR": 0,
    "OSR": 0,
    "ISR": 0,
    "SF": 644,
    "SR": 31173997,
    "MU": 0,
    "OU": 0,
    "IU": 0,
    "U": 0
}