{
    "read_files": "/n/groups/hbctraining/ngs-data-analysis-longcourse/rnaseq/full_dataset/Mov10_oe_2.fastq",
    "expected_format": "SR",
    "compatible_fragment_ratio": 1.0,
    "num_compatible_fragments": 30037335,
    "num_assigned_fragments": 30037335,
    "num_frags_with_consistent_mappings": 30037178,
    "num_frags_with_inconsistent_or_orphan_mappings": 447,
    "MSF": 0,
    "OSF": 0,
    "ISF": 0,
    "MSR": 0,
    "OSR": 0,
    "ISR": 0,
    "SF": 447,
    "SR": 30037178,
    "MU": 0,
    "OU": 0,
    "IU": 0,
    "U": 0
}