{
    "read_files": "/n/groups/hbctraining/ngs-data-analysis-longcourse/rnaseq/full_dataset/Irrel_kd_3.fastq",
    "expected_format": "SR",
    "compatible_fragment_ratio": 1.0,
    "num_compatible_fragments": 20507851,
    "num_assigned_fragments": 20507851,
    "num_frags_with_consistent_mappings": 20507724,
    "num_frags_with_inconsistent_or_orphan_mappings": 423,
    "MSF": 0,
    "OSF": 0,
    "ISF": 0,
    "MSR": 0,
    "OSR": 0,
    "ISR": 0,
    "SF": 423,
    "SR": 20507724,
    "MU": 0,
    "OU": 0,
    "IU": 0,
    "U": 0
}